id,peer,title,date
1,Sus,C2_SimpleBashUtils,2022-01-01
2,Aboba,C2_SimpleBashUtils,2022-11-01
3,Biba,C2_SimpleBashUtils,2022-05-01
4,Boba,C2_SimpleBashUtils,2022-02-01
5,Amogus,C2_SimpleBashUtils,2022-02-01
7,Aboba,C2_SimpleBashUtils,2022-12-01
8,Aboba,C2_SimpleBashUtils,2022-12-05
9,Aboba,C2_SimpleBashUtils,2022-12-07
10,Aboba,C2_SimpleBashUtils,2022-12-12
11,Aboba,C2_SimpleBashUtils,2022-12-25
12,Sus,C3_String+,2022-12-26
13,Sus,C4_s21_math,2022-12-26
14,Sus,C5_s21_decimal,2022-12-28
15,Sus,C6_s21_matrix,2022-12-29
16,Sus,C7_SmartCalc_v1.0,2022-12-30
17,Sus,C8_3DViewer_v1.0,2022-12-31
18,Sus,SQL1_SQL_Bootcamp,2023-01-02
19,Biba,C3_String+,2022-12-26
20,Biba,C4_s21_math,2022-12-27
21,Biba,C5_s21_decimal,2022-12-29
22,Biba,C6_s21_matrix,2022-12-31
23,Biba,C7_SmartCalc_v1.0,2023-01-05
24,Biba,C8_3DViewer_v1.0,2023-01-05
25,Biba,CPP1_s21_matrix+,2023-01-06
26,Amogus,C3_String+,2022-12-12
27,Amogus,C4_s21_math,2022-12-12
28,Biba,C3_String+,2022-07-07
